day,num,sell_won,sell,get_1,num_1,sim_1,sim_2
2002-12-07,1,3681782000,1840891,0,0,0,0
2002-12-14,2,4904274000,2452137,2002006800,1,0,0
2002-12-21,3,4729342000,2364671,2000000000,1,0,1
2002-12-28,4,5271464000,2635732,0,0,0,0
2003-01-04,5,6277102000,3138551,0,0,0,0
2003-01-11,6,15305356000,7652678,6574451700,1,0,0
2003-01-18,7,12794890000,6397445,0,0,0,0
2003-01-25,8,20751450000,10375725,0,0,1,1
2003-02-01,9,73624020000,36812010,0,0,2,6
2003-02-08,10,260856392000,130428196,6430437900,13,18,13
2003-02-15,11,91925306000,45962653,4780152300,5,4,4
2003-02-22,12,76255508000,38127754,1348845700,12,5,8
2003-03-01,13,66532136000,33266068,0,0,8,7
2003-03-08,14,99838648000,49919324,9375048300,4,7,5
2003-03-15,15,73264910000,36632455,17014245000,1,8,5
2003-03-22,16,75777348000,37888674,4377146100,4,2,7
2003-03-29,17,72718152000,36359076,5349491200,3,6,4
2003-04-05,18,66371660000,33185830,0,0,4,0
2003-04-12,19,105957818000,52978909,40722959400,1,8,4
2003-04-19,20,81056776000,40528388,19352212800,1,10,6
2003-04-26,21,84247142000,42123571,797475400,23,5,2
2003-05-03,22,79455152000,39727576,4552194900,4,6,6
2003-05-10,23,77374256000,38687128,4317947700,4,1,3
2003-05-17,24,78486634000,39243317,0,0,7,2
2003-05-24,25,120073768000,60036884,24227745300,2,8,12
2003-05-31,26,80193026000,40096513,3495069900,5,5,5
2003-06-07,27,76145050000,38072525,9543982500,2,3,4
2003-06-14,28,75448366000,37724183,1700361100,10,4,4
2003-06-21,29,74523120000,37261560,3552594000,5,7,6
2003-06-28,30,72399690000,36199845,8728555500,2,3,3
2003-07-05,31,71317306000,35658653,8106672900,2,4,5
2003-07-12,32,71179198000,35589599,1634528300,10,7,4
2003-07-19,33,67457252000,33728626,14903517600,1,2,5
2003-07-26,34,69389894000,34694947,3056918000,5,2,3
2003-08-02,35,66143062000,33071531,5054598200,3,7,3
2003-08-09,36,66856686000,33428343,16014475800,1,4,3
2003-08-16,37,65509794000,32754897,4985999400,3,7,2
2003-08-23,38,67369284000,33684642,5374866400,3,4,3
2003-08-30,39,66094476000,33047238,2623748800,6,4,4
2003-09-06,40,65699086000,32849543,1147652400,13,7,2
2003-09-13,41,57624562000,28812281,0,0,6,3
2003-09-20,42,119909740000,59954870,6899280100,6,6,5
2003-09-27,43,74686296000,37343148,17749630800,1,6,2
2003-10-04,44,69956950000,34978475,3362155800,5,0,4
2003-10-11,45,71216232000,35608116,8356417800,2,4,4
2003-10-18,46,68181568000,34090784,5327758800,3,3,6
2003-10-25,47,67756694000,33878347,3250042400,5,4,2
2003-11-01,48,65806832000,32903416,2415673600,6,4,4
2003-11-08,49,64501142000,32250571,1967504600,7,3,5
2003-11-15,50,65563234000,32781617,5227061400,3,5,6
2003-11-22,51,62553680000,31276840,2421117000,6,2,8
2003-11-29,52,64393446000,32196723,3900844900,4,2,4
2003-12-06,53,64996010000,32498005,5014371000,3,4,6
2003-12-13,54,63833006000,31916503,5148626600,3,3,2
2003-12-20,55,62195764000,31097882,7088799600,2,3,5
2003-12-27,56,65258932000,32629466,3777570900,4,5,2
2004-01-03,57,70132666000,35066333,4114411900,4,3,4
2004-01-10,58,66638136000,33319068,3676429200,4,2,1
2004-01-17,59,67563698000,33781849,4127587300,4,4,5
2004-01-24,60,65405936000,32702968,2172504600,7,2,2
2004-01-31,61,73312994000,36656497,3541038800,5,6,4
2004-02-07,62,66740368000,33370184,15817286400,1,2,5
2004-02-14,63,67074050000,33537025,7922245500,2,6,6
2004-02-21,64,65085154000,32542577,3899818000,4,4,6
2004-02-28,65,66685144000,33342572,3727945800,4,4,5
2004-03-06,66,63378796000,31689398,3685138200,4,4,1
2004-03-13,67,64314872000,32157436,2114436500,7,4,4
2004-03-20,68,63813236000,31906618,2945882100,5,3,8
2004-03-27,69,63711302000,31855651,4962712200,3,2,3
2004-04-03,70,63232578000,31616289,5031277800,3,3,9
2004-04-10,71,62889986000,31444993,0,0,1,3
2004-04-17,72,125651214000,62825607,3260524600,13,10,8
2004-04-24,73,72635862000,36317931,2766662100,6,3,6
2004-05-01,74,68902158000,34451079,5284949800,3,4,2
2004-05-08,75,66138372000,33069186,3914616900,4,3,1
2004-05-15,76,65083924000,32541962,7451022600,2,7,3
2004-05-22,77,64420666000,32210333,5155758600,3,10,5
2004-05-29,78,61257794000,30628897,3519850000,4,5,2
2004-06-05,79,60390004000,30195002,3416443800,4,1,7
2004-06-12,80,60160440000,30080220,13809540000,1,1,7
2004-06-19,81,60983308000,30491654,2714288880,5,0,5
2004-06-26,82,61302808000,30651404,14562494400,1,4,1
2004-07-03,83,62512062000,31256031,7086948300,2,3,9
2004-07-10,84,62780760000,31390380,7669779000,2,5,4
2004-07-17,85,59451304000,29725652,3462109800,4,4,5
2004-07-24,86,59835968000,29917984,14252186400,1,1,2
2004-07-31,87,83793642000,41896821,1799358055,11,2,5
2004-08-07,88,51910612000,51910612,3069709650,4,8,4
2004-08-14,89,55102179000,55102179,4248321900,3,8,6
2004-08-21,90,55493544000,55493544,3291435300,4,5,10
2004-08-28,91,59061052000,59061052,3582902400,4,7,6
2004-09-04,92,58296001000,58296001,1233270846,11,7,3
2004-09-11,93,57236313000,57236313,2269178150,6,5,8
2004-09-18,94,57144729000,57144729,2245339950,6,5,10
2004-09-25,95,60077493000,60077493,1747741238,8,2,6
2004-10-02,96,54217572000,54217572,1847133515,7,10,9
2004-10-09,97,57713200000,57713200,1496214000,9,10,6
2004-10-16,98,56231084000,56231084,3177972300,4,6,12
2004-10-23,99,56207491000,56207491,2169219050,6,7,5
2004-10-30,100,56561977000,56561977,3315315525,4,4,4
2004-11-06,101,57585065000,57585065,2707297500,5,5,5
2004-11-13,102,56937962000,56937962,1457153067,9,3,3
2004-11-20,103,57420615000,57420615,1691589563,8,8,13
2004-11-27,104,56533705000,56533705,6610743750,2,5,2
2004-12-04,105,57479716000,57479716,3416781450,4,6,7
2004-12-11,106,57384485000,57384485,810461157,16,7,8
2004-12-18,107,57545202000,57545202,6679927800,2,4,9
2004-12-25,108,58875228000,58875228,1998900772,7,8,9
2005-01-01,109,62584098000,62584098,1246838200,12,8,7
2005-01-08,110,57625490000,57625490,4566262000,3,4,4
2005-01-15,111,57876999000,57876999,2199047450,6,6,5
2005-01-22,112,59292005000,59292005,1567271167,9,5,8
2005-01-29,113,59258248000,59258248,1561528934,9,5,8
2005-02-05,114,60079401000,60079401,2362345050,6,5,9
2005-02-12,115,59130557000,59130557,1488589567,9,9,3
2005-02-19,116,61606084000,61606084,1997747315,7,12,8
2005-02-26,117,59429610000,59429610,1558378334,9,12,8
2005-03-05,118,57171934000,57171934,1297989720,10,7,7
2005-03-12,119,57800632000,57800632,1474899400,9,4,9
2005-03-19,120,57418983000,57418983,4364530300,3,13,2
2005-03-26,121,57134544000,57134544,6839648100,2,10,5
2005-04-02,122,56171704000,56171704,1450073800,9,12,9
2005-04-09,123,54097448000,54097448,2532982680,5,6,6
2005-04-16,124,54180838000,54180838,1395936267,9,4,5
2005-04-23,125,53149705000,53149705,1754870786,7,6,7
2005-04-30,126,52748965000,52748965,1369301500,9,4,5
2005-05-07,127,50752603000,50752603,1965939150,6,8,5
2005-05-14,128,52310392000,52310392,2064043100,6,5,4
2005-05-21,129,51555754000,51555754,1093629655,11,4,11
2005-05-28,130,51359012000,51359012,3036496650,4,5,9
2005-06-04,131,50231773000,50231773,1451214488,8,6,6
2005-06-11,132,49921897000,49921897,2920473525,4,10,7
2005-06-18,133,50889926000,50889926,1450242600,8,7,11
2005-06-25,134,50445575000,50445575,2349155100,5,16,14
2005-07-02,135,51062672000,51062672,1717293515,7,4,10
2005-07-09,136,51144633000,51144633,1997694150,6,8,5
2005-07-16,137,49978654000,49978654,1270403467,9,7,7
2005-07-23,138,47688450000,47688450,2227152000,5,8,7
2005-07-30,139,48371085000,48371085,1650210215,7,6,6
2005-08-06,140,45983464000,45983464,2109462840,5,3,7
2005-08-13,141,48016958000,48016958,1900552400,6,8,1
2005-08-20,142,48012844000,48012844,1018265564,11,3,5
2005-08-27,143,49415357000,49415357,3954584700,3,8,7
2005-09-03,144,49202521000,49202521,1402440413,8,3,6
2005-09-10,145,48913832000,48913832,3797838200,3,8,3
2005-09-17,146,50677555000,50677555,6043415250,2,3,10
2005-09-24,147,50345605000,50345605,1700040215,7,3,6
2005-10-01,148,49523247000,49523247,2323596420,5,4,7
2005-10-08,149,48406950000,48406950,1639052143,7,5,7
2005-10-15,150,48763778000,48763778,2831645850,4,3,7
2005-10-22,151,47357067000,47357067,2716634025,4,6,7
2005-10-29,152,48180334000,48180334,2278131840,5,4,4
2005-11-05,153,47777735000,47777735,2730526125,4,9,9
2005-11-12,154,48022386000,48022386,2836628700,4,9,4
2005-11-19,155,46140202000,46140202,1193005734,9,7,6
2005-11-26,156,47344584000,47344584,1401099900,8,6,6
2005-12-03,157,46853365000,46853365,5484903750,2,3,5
2005-12-10,158,46368888000,46368888,1069544340,10,13,5
2005-12-17,159,44311926000,44311926,1755407300,6,5,5
2005-12-24,160,46833239000,46833239,5490805350,2,3,3
2005-12-31,161,53096453000,53096453,1996876272,7,6,6
2006-01-07,162,49050086000,49050086,2308265760,5,7,6
2006-01-14,163,49018952000,49018952,1629726515,7,7,1
2006-01-21,164,53052119000,53052119,4054937900,3,4,6
2006-01-28,165,58088118000,58088118,6767426700,2,5,11
2006-02-04,166,52157466000,52157466,1111299982,11,5,8
2006-02-11,167,52744392000,52744392,2491222920,5,5,7
2006-02-18,168,51496212000,51496212,2349946920,5,2,5
2006-02-25,169,52076183000,52076183,2482888380,5,7,5
2006-03-04,170,49718245000,49718245,1923108250,6,5,7
2006-03-11,171,50357474000,50357474,1961339700,6,5,6
2006-03-18,172,50758266000,50758266,1081154073,11,5,3
2006-03-25,173,52286521000,52286521,1487736788,8,5,8
2006-04-01,174,52340568000,52340568,1771103058,7,6,7
2006-04-08,175,50895147000,50895147,2371132620,5,6,4
2006-04-15,176,50488528000,50488528,2314663080,5,9,10
2006-04-22,177,50480325000,50480325,1693285500,7,8,6
2006-04-29,178,49582758000,49582758,2254621080,5,5,5
2006-05-06,179,47291694000,47291694,1081093920,10,8,5
2006-05-13,180,48895477000,48895477,5763371550,2,10,8
2006-05-20,181,49124446000,49124446,1941763300,6,5,10
2006-05-27,182,47222594000,47222594,3721439400,3,3,6
2006-06-03,183,45938460000,45938460,1777221500,6,10,4
2006-06-10,184,45503351000,45503351,1747753050,6,4,5
2006-06-17,185,45783088000,45783088,3522485800,3,2,6
2006-06-24,186,45484428000,45484428,1187882600,9,8,3
2006-07-01,187,45855961000,45855961,1544733900,7,8,7
2006-07-08,188,45176242000,45176242,3501405200,3,11,5
2006-07-15,189,43650551000,43650551,3461775100,3,7,5
2006-07-22,190,44864459000,44864459,1784159450,6,10,10
2006-07-29,191,44534869000,44534869,2577114675,4,5,8
2006-08-05,192,42035065000,42035065,2445348375,4,9,5
2006-08-12,193,43788477000,43788477,3404449700,3,9,5
2006-08-19,194,44511515000,44511515,2650567875,4,4,4
2006-08-26,195,44374725000,44374725,918992591,11,13,4
2006-09-02,196,45773496000,45773496,727876520,15,3,5
2006-09-09,197,45993306000,45993306,1803018300,6,8,11
2006-09-16,198,45614021000,45614021,1797855050,6,4,5
2006-09-23,199,45021068000,45021068,5344252200,2,8,5
2006-09-30,200,46640423000,46640423,1344616613,8,9,7
2006-10-07,201,42254768000,42254768,9719465400,1,2,5
2006-10-14,202,48304034000,48304034,1893391700,6,4,4
2006-10-21,203,47033359000,47033359,2164564740,5,6,9
2006-10-28,204,46077750000,46077750,1358347125,8,3,8
2006-11-04,205,46330516000,46330516,1835221800,6,7,10
2006-11-11,206,44326979000,44326979,2032859340,5,7,5
2006-11-18,207,45282336000,45282336,2104673760,5,5,7
2006-11-25,208,45516378000,45516378,1760767400,6,6,11
2006-12-02,209,43753377000,43753377,1660896350,6,11,6
2006-12-09,210,44757963000,44757963,5139085950,2,2,6
2006-12-16,211,45332675000,45332675,1035800250,10,10,4
2006-12-23,212,46139120000,46139120,2660747250,4,4,6
2006-12-30,213,48745094000,48745094,1376678025,8,6,8
2007-01-06,214,49195740000,49195740,1406980875,8,9,6
2007-01-13,215,47675761000,47675761,1587689615,7,2,7
2007-01-20,216,48342018000,48342018,848506108,13,7,5
2007-01-27,217,48260644000,48260644,1611246172,7,5,6
2007-02-03,218,47018314000,47018314,2779075800,4,4,2
2007-02-10,219,46903745000,46903745,1208409167,9,5,2
2007-02-17,220,50383399000,50383399,1958094950,6,4,4
2007-02-24,221,47674135000,47674135,1800104250,6,5,9
2007-03-03,222,47735197000,47735197,2275193820,5,5,7
2007-03-10,223,46036874000,46036874,1498170600,7,4,6
2007-03-17,224,46435109000,46435109,1808969950,6,5,2
2007-03-24,225,46352016000,46352016,1777201800,6,1,4
2007-03-31,226,45145643000,45145643,1744100150,6,6,5
2007-04-07,227,44444776000,44444776,5253542400,2,6,3
2007-04-14,228,44764100000,44764100,1146700334,9,5,3
2007-04-21,229,44762989000,44762989,1451441100,7,6,5
2007-04-28,230,44191351000,44191351,1292929163,8,5,5
2007-05-05,231,42355627000,42355627,1088365900,9,3,4
2007-05-12,232,43564632000,43564632,1110918400,9,7,6
2007-05-19,233,43516805000,43516805,999153750,10,3,5
2007-05-26,234,42814085000,42814085,2519743875,4,3,6
2007-06-02,235,43347391000,43347391,3433330100,3,3,3
2007-06-09,236,42941871000,42941871,5030040150,2,6,3
2007-06-16,237,43358287000,43358287,1440630729,7,4,8
2007-06-23,238,42952477000,42952477,1121660567,9,5,10
2007-06-30,239,43296565000,43296565,1134140167,9,7,3
2007-07-07,240,43603443000,43603443,5098251450,2,11,9
2007-07-14,241,43246894000,43246894,2552016300,4,6,8
2007-07-21,242,42679760000,42679760,1234542375,8,3,8
2007-07-28,243,41304830000,41304830,2408850000,4,3,3
2007-08-04,244,39411047000,39411047,9121583100,1,3,4
2007-08-11,245,41854623000,41854623,1382583129,7,5,3
2007-08-18,246,41453154000,41453154,1911774240,5,3,7
2007-08-25,247,42231698000,42231698,1669313900,6,4,5
2007-09-01,248,42348403000,42348403,1227479363,8,1,6
2007-09-08,249,42539134000,42539134,1663568700,6,5,3
2007-09-15,250,42122808000,42122808,1994726280,5,1,6
2007-09-22,251,44493014000,44493014,1282616400,8,2,6
2007-09-29,252,41207920000,41207920,1391089715,7,5,5
2007-10-06,253,42309347000,42309347,2466189525,4,6,8
2007-10-13,254,42259113000,42259113,9741015900,1,4,7
2007-10-20,255,41425341000,41425341,1598618550,6,7,2
2007-10-27,256,41996580000,41996580,4891017000,2,4,4
2007-11-03,257,41433637000,41433637,2391377025,4,7,2
2007-11-10,258,41364428000,41364428,2426434350,4,8,8
2007-11-17,259,40905570000,40905570,4838533500,2,7,8
2007-11-24,260,40140211000,40140211,2310085575,4,11,6
2007-12-01,261,41215041000,41215041,3192299100,3,7,2
2007-12-08,262,39232234000,39232234,4518741600,2,9,5
2007-12-15,263,39677128000,39677128,1551704900,6,6,7
2007-12-22,264,39783178000,39783178,1344889200,7,5,7
2007-12-29,265,40913922000,40913922,1200838575,8,8,5
2008-01-05,266,41937067000,41937067,3207211700,3,4,4
2008-01-12,267,41835853000,41835853,3257663300,3,6,3
2008-01-19,268,41213802000,41213802,1350954515,7,8,2
2008-01-26,269,41357619000,41357619,1961399940,5,3,8
2008-02-02,270,41845351000,41845351,1927830060,5,8,6
2008-02-09,271,40879633000,40879633,1565918150,6,9,6
2008-02-16,272,43310674000,43310674,1104622800,9,3,4
2008-02-23,273,42816211000,42816211,3339543100,3,6,7
2008-03-01,274,42631711000,42631711,2505085575,4,5,6
2008-03-08,275,42329813000,42329813,10044066900,1,6,6
2008-03-15,276,42567610000,42567610,3312569000,3,7,4
2008-03-22,277,41868708000,41868708,3272627800,3,3,9
2008-03-29,278,41088180000,41088180,3186530000,3,2,6
2008-04-05,279,41130542000,41130542,1914205320,5,2,2
2008-04-12,280,40673999000,40673999,1355258529,7,5,10
2008-04-19,281,40800514000,40800514,1554683200,6,4,5
2008-04-26,282,41051175000,41051175,1322052643,7,6,2
2008-05-03,283,40133316000,40133316,3137224600,3,6,5
2008-05-10,284,39773403000,39773403,3117640300,3,5,6
2008-05-17,285,40364871000,40364871,3164370100,3,5,2
2008-05-24,286,40944483000,40944483,3236566300,3,3,3
2008-05-31,287,40623489000,40623489,1328657100,7,5,3
2008-06-07,288,39970134000,39970134,2357261550,4,3,5
2008-06-14,289,39406643000,39406643,0,0,9,1
2008-06-21,290,80362302000,80362302,2149214424,13,6,14
2008-06-28,291,44143418000,44143418,1450585200,7,7,4
2008-07-05,292,43394631000,43394631,720373950,14,5,4
2008-07-12,293,42399708000,42399708,1656764400,6,9,2
2008-07-19,294,41563813000,41563813,2406504975,4,1,6
2008-07-26,295,42248135000,42248135,0,0,6,4
2008-08-02,296,63377899000,63377899,3066088275,8,12,7
2008-08-09,297,43641475000,43641475,5056668750,2,4,5
2008-08-16,298,43151675000,43151675,9909778500,1,8,5
2008-08-23,299,44463909000,44463909,1483772529,7,3,6
2008-08-30,300,44465047000,44465047,836092425,12,4,4
2008-09-06,301,44377177000,44377177,1447385015,7,2,6
2008-09-13,302,46382605000,46382605,5472167250,2,4,8
2008-09-20,303,42841760000,42841760,1672749000,6,3,3
2008-09-27,304,43158653000,43158653,1661646150,6,1,7
2008-10-04,305,43960659000,43960659,2008210140,5,11,3
2008-10-11,306,44421462000,44421462,2102669520,5,7,5
2008-10-18,307,43880990000,43880990,2587643250,4,4,9
2008-10-25,308,43339416000,43339416,10232872800,1,7,6
2008-11-01,309,44157528000,44157528,901622946,11,3,11
2008-11-08,310,43718082000,43718082,1296713325,8,7,4
2008-11-15,311,43209215000,43209215,1237691063,8,1,3
2008-11-22,312,42255391000,42255391,629017820,15,5,8
2008-11-29,313,43672096000,43672096,1715422800,6,6,3
2008-12-06,314,42328094000,42328094,1660512200,6,3,3
2008-12-13,315,44339180000,44339180,1308728625,8,5,1
2008-12-20,316,44073768000,44073768,1673586400,6,1,4
2008-12-27,317,44135114000,44135114,2576258550,4,7,5
2009-01-03,318,46663728000,46663728,1207436600,9,4,4
2009-01-10,319,45435183000,45435183,2135659380,5,5,7
2009-01-17,320,46659886000,46659886,5513067900,2,1,2
2009-01-24,321,50617982000,50617982,1959136100,6,9,5
2009-01-31,322,48948294000,48948294,1904544700,6,4,12
2009-02-07,323,49209477000,49209477,1461025388,8,10,3
2009-02-14,324,47988317000,47988317,1865130350,6,8,9
2009-02-21,325,46636979000,46636979,1806122450,6,12,7
2009-02-28,326,47224551000,47224551,1832134550,6,6,5
2009-03-07,327,45791560000,45791560,882674750,12,7,1
2009-03-14,328,47316988000,47316988,1819795900,6,6,5
2009-03-21,329,47198504000,47198504,1830391200,6,4,4
2009-03-28,330,45859496000,45859496,1162280200,9,2,4
2009-04-04,331,46641467000,46641467,2165902620,5,7,6
2009-04-11,332,46042557000,46042557,1359448388,8,4,4
2009-04-18,333,46019070000,46019070,1550987143,7,4,3
2009-04-25,334,44439656000,44439656,1523002972,7,3,5
2009-05-02,335,43977478000,43977478,2037492480,5,9,5
2009-05-09,336,43069333000,43069333,1685632650,6,6,6
2009-05-16,337,43432467000,43432467,1257500513,8,6,9
2009-05-23,338,43136020000,43136020,3383431000,3,6,5
2009-05-30,339,42035640000,42035640,1096778334,9,7,7
2009-06-06,340,42892121000,42892121,1439393186,7,3,6
2009-06-13,341,44722448000,44722448,1497207772,7,6,7
2009-06-20,342,43782188000,43782188,3454095800,3,6,7
2009-06-27,343,43656460000,43656460,1717153000,6,4,2
2009-07-04,344,43838886000,43838886,1467106543,7,7,3
2009-07-11,345,43530937000,43530937,5203577550,2,2,3
2009-07-18,346,42862389000,42862389,2017727340,5,2,3
2009-07-25,347,44219740000,44219740,1456624286,7,5,7
2009-08-01,348,42786310000,42786310,3299994000,3,4,6
2009-08-08,349,43433870000,43433870,3353209000,3,5,5
2009-08-15,350,42681094000,42681094,1101052467,9,9,8
2009-08-22,351,43947492000,43947492,2583357150,4,3,5
2009-08-29,352,44719545000,44719545,1732858250,6,7,3
2009-09-05,353,44552925000,44552925,5290838250,2,10,8
2009-09-12,354,44709689000,44709689,2124464340,5,3,7
2009-09-19,355,45017050000,45017050,2145424800,5,2,6
2009-09-26,356,44684958000,44684958,1157185267,9,9,9
2009-10-03,357,45232409000,45232409,5313394350,2,5,5
2009-10-10,358,45651829000,45651829,3472654900,3,5,13
2009-10-17,359,45288256000,45288256,1286712600,8,4,7
2009-10-24,360,45719032000,45719032,3566716200,3,5,3
2009-10-31,361,45062676000,45062676,1473115115,7,5,6
2009-11-07,362,44336363000,44336363,1729424650,6,11,7
2009-11-14,363,44863948000,44863948,2615910600,4,2,3
2009-11-21,364,44192004000,44192004,2531914800,4,3,4
2009-11-28,365,45806066000,45806066,10697716800,1,5,9
2009-12-05,366,45962166000,45962166,5351553900,2,6,9
2009-12-12,367,46459307000,46459307,1581736586,7,4,7
2009-12-19,368,43746046000,43746046,1465825115,7,3,5
2009-12-26,369,46716275000,46716275,1842177750,6,5,5
2010-01-02,370,49762652000,49762652,1678941943,7,6,7
2010-01-09,371,45843166000,45843166,1524130543,7,6,6
2010-01-16,372,46167066000,46167066,1192593200,9,5,5
2010-01-23,373,47095065000,47095065,2791801125,4,7,4
2010-01-30,374,48081319000,48081319,5528717850,2,5,5
2010-02-06,375,47864938000,47864938,1581284058,7,6,6
2010-02-13,376,50657096000,50657096,1956915800,6,6,6
2010-02-20,377,49218434000,49218434,3912085400,3,11,4
2010-02-27,378,48866964000,48866964,2317698240,5,7,5
2010-03-06,379,47537685000,47537685,1598999786,7,2,7
2010-03-13,380,47164371000,47164371,2684274825,4,5,5
2010-03-20,381,47943113000,47943113,565738895,19,5,4
2010-03-27,382,47401288000,47401288,1846674900,6,7,5
2010-04-03,383,46067051000,46067051,3596522100,3,6,11
2010-04-10,384,46888942000,46888942,3658734200,3,6,6
2010-04-17,385,46243483000,46243483,1542032700,7,4,10
2010-04-24,386,45907331000,45907331,1042953330,10,6,3
2010-05-01,387,45459960000,45459960,2675533500,4,4,7
2010-05-08,388,44308705000,44308705,2545543875,4,4,8
2010-05-15,389,45534027000,45534027,2119027020,5,7,6
2010-05-22,390,44189673000,44189673,10373997900,1,4,6
2010-05-29,391,45161516000,45161516,10508749800,1,5,4
2010-06-05,392,45528684000,45528684,1713528700,6,7,1
2010-06-12,393,45989116000,45989116,1362003975,8,7,12
2010-06-19,394,45192337000,45192337,10654349100,1,6,4
2010-06-26,395,46192580000,46192580,1534635000,7,5,6
2010-07-03,396,45463736000,45463736,5296622400,2,5,5
2010-07-10,397,45890007000,45890007,3499519700,3,6,4
2010-07-17,398,45427304000,45427304,2680625550,4,4,6
2010-07-24,399,45551786000,45551786,1276854975,8,8,9
2010-07-31,400,45379731000,45379731,2669834325,4,5,9
2010-08-07,401,43491965000,43491965,1168214792,9,5,3
2010-08-14,402,45002946000,45002946,2662206188,4,6,7
2010-08-21,403,44911335000,44911335,2122396875,5,6,7
2010-08-28,404,45389825000,45389825,3566659375,3,4,1
2010-09-04,405,45220904000,45220904,3543878000,3,5,6
2010-09-11,406,46062206000,46062206,2156142450,5,6,8
2010-09-18,407,48429586000,48429586,1649707286,7,4,2
2010-09-25,408,46406711000,46406711,2235375825,5,4,3
2010-10-02,409,47924584000,47924584,2896989750,4,10,2
2010-10-09,410,47467817000,47467817,1249335709,9,7,4
2010-10-16,411,47259122000,47259122,953227563,12,5,5
2010-10-23,412,47066180000,47066180,1656199822,7,10,4
2010-10-30,413,46925724000,46925724,2814673500,4,8,4
2010-11-06,414,46910990000,46910990,11703832500,1,7,7
2010-11-13,415,46746048000,46746048,1334182407,8,3,4
2010-11-20,416,46854806000,46854806,1072037100,10,5,6
2010-11-27,417,45968256000,45968256,2818329938,4,10,5
2010-12-04,418,47058055000,47058055,1435649766,8,1,7
2010-12-11,419,46508296000,46508296,3796490750,3,4,7
2010-12-18,420,47345476000,47345476,1424856375,8,9,4
2010-12-25,421,47752021000,47752021,2321144325,5,13,3
2011-01-01,422,52730602000,52730602,2205251375,6,7,8
2011-01-08,423,49668311000,49668311,3896153875,3,2,5
2011-01-15,424,48728445000,48728445,1109480813,10,8,5
2011-01-22,425,50459694000,50459694,1534833000,8,6,9
2011-01-29,426,51466592000,51466592,3057233625,4,7,4
2011-02-05,427,52511055000,52511055,12571445625,1,5,3
2011-02-12,428,54685007000,54685007,1437683209,9,8,7
2011-02-19,429,53993833000,53993833,1485904709,9,14,5
2011-02-26,430,53194872000,53194872,1611763219,8,9,5
2011-03-05,431,51661947000,51661947,1268434013,10,10,5
2011-03-12,432,52348574000,52348574,2299427550,5,8,11
2011-03-19,433,52396606000,52396606,1182294410,11,3,4
2011-03-26,434,51579439000,51579439,1480060266,8,10,3
2011-04-02,435,52341267000,52341267,1287550013,10,12,9
2011-04-09,436,50869017000,50869017,1512266579,8,6,2
2011-04-16,437,50798417000,50798417,2096245438,6,7,3
2011-04-23,438,50370042000,50370042,1377142167,9,3,7
2011-04-30,439,49680708000,49680708,1900077375,6,7,5
2011-05-07,440,49810778000,49810778,1995873000,6,4,8
2011-05-14,441,50272122000,50272122,3170417063,4,6,4
2011-05-21,442,51219943000,51219943,1413413042,9,13,7
2011-05-28,443,51236072000,51236072,1327597584,9,9,4
2011-06-04,444,50673529000,50673529,4154188625,3,6,8
2011-06-11,445,50053080000,50053080,1791683036,7,6,2
2011-06-18,446,50595241000,50595241,4051247625,3,3,13
2011-06-25,447,49555042000,49555042,2657941125,4,9,7
2011-07-02,448,51341262000,51341262,4026212750,3,6,10
2011-07-09,449,50214272000,50214272,4059715250,3,2,2
2011-07-16,450,49732036000,49732036,1990391625,6,5,6
2011-07-23,451,49861167000,49861167,882138952,13,5,10
2011-07-30,452,48456758000,48456758,1276902000,9,4,9
2011-08-06,453,48055125000,48055125,2262732375,5,4,4
2011-08-13,454,48389211000,48389211,1609125590,7,6,5
2011-08-20,455,48769851000,48769851,1635711483,7,6,3
2011-08-27,456,49420681000,49420681,1598505054,7,6,4
2011-09-03,457,49679052000,49679052,1159902825,10,13,8
2011-09-10,458,53778256000,53778256,1608812625,8,8,5
2011-09-17,459,49890095000,49890095,1655842233,7,7,5
2011-09-24,460,51917635000,51917635,3180895782,4,7,6
2011-10-01,461,50624588000,50624588,1948674875,6,12,7
2011-10-08,462,49325555000,49325555,1483559297,8,6,4
2011-10-15,463,49205151000,49205151,0,0,5,12
2011-10-22,464,126772274000,126772274,3355721106,13,10,18
2011-10-29,465,57793294000,57793294,1923662893,7,9,6
2011-11-05,466,58314753000,58314753,1530313459,9,8,8
2011-11-12,467,57383906000,57383906,1435441084,9,5,8
2011-11-19,468,55598552000,55598552,1527197167,9,4,10
2011-11-26,469,53364940000,53364940,3330131250,4,4,8
2011-12-03,470,53912965000,53912965,4333330625,3,3,2
2011-12-10,471,53492340000,53492340,1939332858,7,5,9
2011-12-17,472,51929207000,51929207,1809656090,7,11,7
2011-12-24,473,52867236000,52867236,3250418063,4,6,5
2011-12-31,474,58978482000,58978482,936690800,15,11,5
2012-01-07,475,56043275000,56043275,1693923047,8,10,3
2012-01-14,476,55591819000,55591819,3439851469,4,13,7
2012-01-21,477,60801409000,60801409,1919011829,8,8,7
2012-01-28,478,54975901000,54975901,987224759,14,8,10
2012-02-04,479,54848834000,54848834,2233046500,6,4,6
2012-02-11,480,55415681000,55415681,2996742282,4,8,3
2012-02-18,481,55642616000,55642616,4639355750,3,9,4
2012-02-25,482,56201452000,56201452,1897921179,7,5,8
2012-03-03,483,55582659000,55582659,2567196675,5,4,8
2012-03-10,484,55885979000,55885979,2305303063,6,5,5
2012-03-17,485,55692878000,55692878,1501474917,9,3,8
2012-03-24,486,54540823000,54540823,1008634125,13,6,8
2012-03-31,487,55276503000,55276503,1638830766,8,5,3
2012-04-07,488,54213092000,54213092,1330393575,10,6,6
2012-04-14,489,53558490000,53558490,2106360625,6,4,6
2012-04-21,490,52590121000,52590121,1860234161,7,7,5
2012-04-28,491,53413874000,53413874,3304634438,4,5,7
2012-05-05,492,51693454000,51693454,2493013800,5,1,7
2012-05-12,493,53231838000,53231838,1451120334,9,5,5
2012-05-19,494,53321589000,53321589,1054588407,12,5,4
2012-05-26,495,53645960000,53645960,2111645000,6,5,7
2012-06-02,496,52915804000,52915804,3285932250,4,10,5
2012-06-09,497,52411585000,52411585,2222817813,6,4,6
2012-06-16,498,52851253000,52851253,3244503094,4,5,10
2012-06-23,499,52767632000,52767632,4070480250,3,3,7
2012-06-30,500,54012267000,54012267,1351072375,9,8,4
2012-07-07,501,52717711000,52717711,3025200094,4,6,13
2012-07-14,502,54000640000,54000640,2201458125,6,9,5
2012-07-21,503,53572205000,53572205,1853634911,7,5,7
2012-07-28,504,51787037000,51787037,1443236959,9,5,9
2012-08-04,505,49103223000,49103223,1917955188,6,5,6
2012-08-11,506,52363311000,52363311,4073333875,3,5,9
2012-08-18,507,53638773000,53638773,1416438875,9,7,4
2012-08-25,508,54010391000,54010391,1599557860,8,10,6
2012-09-01,509,53390358000,53390358,2689076100,5,10,5
2012-09-08,510,53964992000,53964992,2644158150,5,2,6
2012-09-15,511,53970308000,53970308,2165579250,6,3,4
2012-09-22,512,54017801000,54017801,940094452,13,5,9
2012-09-29,513,58317548000,58317548,4589624750,3,5,3
2012-10-06,514,54452404000,54452404,4451055500,3,5,2
2012-10-13,515,55258935000,55258935,13200466875,1,4,3
2012-10-20,516,56385762000,56385762,1294190182,11,8,6
2012-10-27,517,54468223000,54468223,2659057725,5,11,2
2012-11-03,518,55321566000,55321566,2263804125,6,5,6
2012-11-10,519,55614206000,55614206,1950601393,7,5,4
2012-11-17,520,55003797000,55003797,2167205438,6,6,2
2012-11-24,521,56185373000,56185373,1693420922,8,4,1
2012-12-01,522,57053378000,57053378,2281623000,6,4,6
2012-12-08,523,53678449000,53678449,1780355840,7,7,7
2012-12-15,524,55662103000,55662103,3491695594,4,5,9
2012-12-22,525,55566007000,55566007,1501132375,9,8,9
2012-12-29,526,56527807000,56527807,1491031959,9,7,12
2013-01-05,527,56985634000,56985634,1032386366,13,5,5
2013-01-12,528,57548541000,57548541,1197889125,11,3,5
2013-01-19,529,57645779000,57645779,1749114797,8,6,6
2013-01-26,530,56241083000,56241083,1231656239,11,6,4
2013-02-02,531,57567064000,57567064,1521519750,9,6,10
2013-02-09,532,61687384000,61687384,2216896286,7,8,11
2013-02-16,533,59275357000,59275357,1785671579,8,11,5
2013-02-23,534,59227462000,59227462,14215763250,1,9,6
2013-03-02,535,60523884000,60523884,4935603000,3,5,11
2013-03-09,536,59763469000,59763469,1308523603,11,5,9
2013-03-16,537,59453323000,59453323,2104038911,7,8,3
2013-03-23,538,59233373000,59233373,4688021625,3,5,6
2013-03-30,539,59168870000,59168870,1621036667,9,7,9
2013-04-06,540,56739658000,56739658,1989365250,7,6,11
2013-04-13,541,57087047000,57087047,1269327171,11,9,4
2013-04-20,542,56949161000,56949161,2335152563,6,8,5
2013-04-27,543,56570245000,56570245,1112934844,12,4,6
2013-05-04,544,56056189000,56056189,1046388433,13,10,7
2013-05-11,545,55967171000,55967171,1198994353,11,4,7
2013-05-18,546,56713166000,56713166,405939950,30,11,8
2013-05-25,547,57968466000,57968466,2838444450,5,5,6
2013-06-01,548,57771827000,57771827,1736871891,8,4,9
2013-06-08,549,56864611000,56864611,1760805047,8,6,6
2013-06-15,550,56441770000,56441770,1118679205,11,7,3
2013-06-22,551,56989370000,56989370,13526973750,1,6,6
2013-06-29,552,57602386000,57602386,1330824225,10,9,7
2013-07-06,553,56487483000,56487483,2249631438,6,1,11
2013-07-13,554,56124466000,56124466,6813893625,2,5,12
2013-07-20,555,57273817000,57273817,1711027360,8,11,7
2013-07-27,556,57374791000,57374791,2005209161,7,8,5
2013-08-03,557,55086560000,55086560,1888069286,7,11,9
2013-08-10,558,54939001000,54939001,1315913663,10,13,3
2013-08-17,559,55733418000,55733418,1926145608,7,7,6
2013-08-24,560,56565298000,56565298,1976697215,7,11,7
2013-08-31,561,56638383000,56638383,2753712225,5,7,6
2013-09-07,562,56288212000,56288212,1166694614,11,12,1
2013-09-14,563,57320132000,57320132,1932735643,7,8,7
2013-09-21,564,58012468000,58012468,1934801143,7,10,5
2013-09-28,565,59556622000,59556622,1742064469,8,7,10
2013-10-05,566,57666611000,57666611,3508951032,4,6,6
2013-10-12,567,57439471000,57439471,2318659438,6,7,9
2013-10-19,568,57681628000,57681628,1305167550,10,10,8
2013-10-26,569,58441902000,58441902,3467925188,4,8,8
2013-11-02,570,57654279000,57654279,1527791625,9,3,9
2013-11-09,571,56493528000,56493528,1966538465,7,5,5
2013-11-16,572,56473602000,56473602,1668216188,8,8,7
2013-11-23,573,56092721000,56092721,1645691766,8,7,9
2013-11-30,574,55882933000,55882933,6965184938,2,10,8
2013-12-07,575,56330738000,56330738,1699267875,8,3,7
2013-12-14,576,54691148000,54691148,4321966000,3,8,5
2013-12-21,577,57010827000,57010827,4484438375,3,11,5
2013-12-28,578,58584741000,58584741,2796466575,5,7,8
2014-01-04,579,63532871000,63532871,1396068444,11,3,5
2014-01-11,580,60514216000,60514216,2028610500,7,5,10
2014-01-18,581,60257457000,60257457,1844554547,8,8,13
2014-01-25,582,59306953000,59306953,3560558719,4,5,9
2014-02-01,583,62675295000,62675295,1341848353,11,4,14
2014-02-08,584,61343856000,61343856,5033183250,3,5,11
2014-02-15,585,60253002000,60253002,1620546334,9,8,9
2014-02-22,586,59502096000,59502096,1778354344,8,7,9
2014-03-01,587,59715499000,59715499,4974577375,3,8,7
2014-03-08,588,59533101000,59533101,2889342075,5,2,4
2014-03-15,589,60643729000,60643729,2136877983,7,10,8
2014-03-22,590,60003131000,60003131,2185183983,7,7,7
2014-03-29,591,59373946000,59373946,2964676200,5,7,7
2014-04-05,592,58097477000,58097477,2356381688,6,8,10
2014-04-12,593,59368204000,59368204,1532833500,9,6,6
2014-04-19,594,57764442000,57764442,1255592796,11,13,9
2014-04-26,595,57797288000,57797288,1744525219,8,8,7
2014-05-03,596,56561071000,56561071,1328267663,10,9,9
2014-05-10,597,56832361000,56832361,1057920606,13,14,21
2014-05-17,598,57518550000,57518550,833998594,16,7,6
2014-05-24,599,57381791000,57381791,1710918329,8,7,3
2014-05-31,600,56372519000,56372519,901798725,15,6,4
2014-06-07,601,55868455000,55868455,1524565209,9,10,5
2014-06-14,602,56262855000,56262855,1689530860,8,4,9
2014-06-21,603,56276650000,56276650,3452136563,4,4,5
2014-06-28,604,56266399000,56266399,1229141557,11,10,8
2014-07-05,605,56622924000,56622924,1394232250,9,8,10
2014-07-12,606,56928896000,56928896,1311566850,10,11,8
2014-07-19,607,56806213000,56806213,3494480907,4,8,13
2014-07-26,608,56146117000,56146117,1943530018,7,3,4
2014-08-02,609,54858201000,54858201,6339311438,2,5,3
2014-08-09,610,56862756000,56862756,3516018375,4,15,9
2014-08-16,611,57411079000,57411079,3502706157,4,3,4
2014-08-23,612,56931314000,56931314,1181705250,11,12,4
2014-08-30,613,57986249000,57986249,1549831209,9,5,5
2014-09-06,614,62301977000,62301977,2540975438,6,8,7
2014-09-13,615,59072378000,59072378,1535062417,9,4,5
2014-09-20,616,60303360000,60303360,1611811250,9,7,7
2014-09-27,617,58958123000,58958123,1629701860,8,6,4
2014-10-04,618,58550803000,58550803,2881326225,5,11,6
2014-10-11,619,58822925000,58822925,4612479375,3,5,7
2014-10-18,620,58342777000,58342777,2028283233,7,7,5
2014-10-25,621,59407216000,59407216,2359723500,6,8,6
2014-11-01,622,59601329000,59601329,1630598292,9,6,9
2014-11-08,623,58504142000,58504142,1813702594,8,9,11
2014-11-15,624,57832726000,57832726,2763729450,5,7,7
2014-11-22,625,58614979000,58614979,2765184675,5,6,10
2014-11-29,626,58986187000,58986187,1717871110,8,5,3
2014-12-06,627,55981334000,55981334,1352230650,10,6,8
2014-12-13,628,57253109000,57253109,1499942875,9,11,10
2014-12-20,629,57618701000,57618701,2919433575,5,12,8
2014-12-27,630,61335894000,61335894,4836305500,3,5,8
2015-01-03,631,65300621000,65300621,3919853532,4,4,4
2015-01-10,632,63066603000,63066603,1432587716,11,10,11
2015-01-17,633,62015797000,62015797,1217257094,12,4,9
2015-01-24,634,63149567000,63149567,1077935106,13,8,7
2015-01-31,635,62429621000,62429621,1855587235,8,8,10
2015-02-07,636,62786394000,62786394,1832362219,8,6,11
2015-02-14,637,63504865000,63504865,3899241094,4,10,4
2015-02-21,638,64319586000,64319586,2229403179,7,6,11
2015-02-28,639,66202599000,66202599,4061185219,4,8,12
2015-03-07,640,64080502000,64080502,1728768834,9,12,6
2015-03-14,641,63773134000,63773134,1990074563,8,4,10
2015-03-21,642,63544224000,63544224,1251460438,12,7,10
2015-03-28,643,63110068000,63110068,2535763625,6,7,10
2015-04-04,644,61846599000,61846599,1831451204,8,4,8
2015-04-11,645,62661756000,62661756,3696297750,4,2,7
2015-04-18,646,62308090000,62308090,2215498393,7,14,9
2015-04-25,647,62314338000,62314338,2189725608,7,6,9
2015-05-02,648,60874405000,60874405,2120987947,7,6,6
2015-05-09,649,60473178000,60473178,2948042100,5,12,5
2015-05-16,650,60991082000,60991082,2849298900,5,4,6
2015-05-23,651,61494891000,61494891,1855306454,8,4,6
2015-05-30,652,60426977000,60426977,3003483525,5,13,1
2015-06-06,653,59716037000,59716037,980958670,14,6,7
2015-06-13,654,60697813000,60697813,1879301391,8,6,8
2015-06-20,655,60434801000,60434801,1661439625,9,10,8
2015-06-27,656,61328118000,61328118,7330002750,2,18,9
2015-07-04,657,61769837000,61769837,1694762792,9,4,4
2015-07-11,658,61131243000,61131243,1634031375,9,7,10
2015-07-18,659,61677747000,61677747,1336604216,11,6,2
2015-07-25,660,60813322000,60813322,1421272575,10,9,4
2015-08-01,661,59597375000,59597375,1713025547,8,8,8
2015-08-08,662,59164542000,59164542,1689733688,8,10,8
2015-08-15,663,61100704000,61100704,2080244143,7,2,5
2015-08-22,664,61921689000,61921689,1536801338,10,4,6
2015-08-29,665,61885874000,61885874,3643230375,4,14,4
2015-09-05,666,62652917000,62652917,2396901063,6,9,7
2015-09-12,667,63421632000,63421632,2228764393,7,14,6
2015-09-19,668,63346405000,63346405,2991158625,5,5,10
2015-09-26,669,67952211000,67952211,2708173188,6,4,8
2015-10-03,670,62242687000,62242687,1191725219,12,7,9
2015-10-10,671,63940807000,63940807,3722322844,4,8,12
2015-10-17,672,63542330000,63542330,1754745000,9,8,10
2015-10-24,673,63163578000,63163578,1491453300,10,8,5
2015-10-31,674,61386974000,61386974,1770565500,8,9,2
2015-11-07,675,60458623000,60458623,3514549032,4,7,11
2015-11-14,676,62147642000,62147642,1879726500,8,8,9
2015-11-21,677,62267624000,62267624,1921114407,8,5,6
2015-11-28,678,60887293000,60887293,2288490188,6,11,8
2015-12-05,679,62220918000,62220918,2863005600,5,14,5
2015-12-12,680,64245201000,64245201,1110570563,14,5,7
2015-12-19,681,63268253000,63268253,2696328938,6,11,5
2015-12-26,682,66757858000,66757858,4063713563,4,6,9
2016-01-02,683,71940091000,71940091,1010930883,16,7,8
2016-01-09,684,66623887000,66623887,1688815709,9,13,6
2016-01-16,685,69126675000,69126675,1494367671,11,7,7
2016-01-23,686,65274010000,65274010,1937531719,8,2,9
2016-01-30,687,68044669000,68044669,2720029313,6,8,9
2016-02-06,688,73095612000,73095612,1967536750,9,9,10
2016-02-13,689,67460147000,67460147,2321775911,7,9,8
2016-02-20,690,69142025000,69142025,1126507625,15,9,5
2016-02-27,691,68590328000,68590328,2839296750,6,2,7
2016-03-05,692,66390499000,66390499,2301273697,7,7,4
2016-03-12,693,67352935000,67352935,1642763813,10,8,3
2016-03-19,694,67533257000,67533257,1555036388,10,7,6
2016-03-26,695,67672085000,67672085,1450214830,11,12,6
2016-04-02,696,67542971000,67542971,1632054413,10,6,8
2016-04-09,697,66966141000,66966141,1531443038,10,14,9
2016-04-16,698,66283268000,66283268,1921084125,8,7,8
2016-04-23,699,66743146000,66743146,1995411375,8,6,4
2016-04-30,700,66846276000,66846276,2082099188,8,11,3
2016-05-07,701,64454138000,64454138,1583183175,10,8,7
2016-05-14,702,66219854000,66219854,1465091387,11,5,12
2016-05-21,703,65728988000,65728988,3235784100,5,8,6
2016-05-28,704,65930117000,65930117,3865190344,4,8,5
2016-06-04,705,65859843000,65859843,3987206532,4,5,7
2016-06-11,706,65723488000,65723488,3831746063,4,7,5
2016-06-18,707,66813924000,66813924,1322167313,12,6,5
2016-06-25,708,66806307000,66806307,4099552219,4,10,7
2016-07-02,709,65592504000,65592504,1165271625,14,9,11
2016-07-09,710,65083972000,65083972,2895441150,5,7,7
2016-07-16,711,66152746000,66152746,2277413358,7,9,14
2016-07-23,712,66136318000,66136318,4034485125,4,10,2
2016-07-30,713,64646552000,64646552,1714720917,9,9,18
2016-08-06,714,64099989000,64099989,2085131733,7,5,5
2016-08-13,715,65794607000,65794607,2605510438,6,11,11
2016-08-20,716,67040169000,67040169,1358752157,12,7,9
2016-08-27,717,68597839000,68597839,2702433688,6,8,10
2016-09-03,718,69400763000,69400763,926166464,17,8,9
2016-09-10,719,71378392000,71378392,1879581334,9,11,4
2016-09-17,720,69939090000,69939090,1233770358,14,13,12
2016-09-24,721,71627567000,71627567,2273767360,8,13,11
2016-10-01,722,69446489000,69446489,4365422719,4,13,6
2016-10-08,723,67750231000,67750231,2114365360,8,14,6
2016-10-15,724,69987274000,69987274,1427789813,12,12,5
2016-10-22,725,70208676000,70208676,1579217250,11,9,8
2016-10-29,726,68799295000,68799295,1166872634,14,13,8
2016-11-05,727,67559139000,67559139,1115107742,14,7,10
2016-11-12,728,68306112000,68306112,3243464400,5,6,9
2016-11-19,729,68784161000,68784161,4198250719,4,7,10
2016-11-26,730,66934105000,66934105,2017382110,8,5,3
2016-12-03,731,69239673000,69239673,2340471054,7,7,7
2016-12-10,732,68645948000,68645948,2203270608,7,9,10
2016-12-17,733,69321488000,69321488,4016725125,4,3,12
2016-12-24,734,71457582000,71457582,1949395500,9,7,8
2016-12-31,735,77488209000,77488209,1847231588,10,7,7
2017-01-07,736,73510203000,73510203,3397362225,5,9,10
2017-01-14,737,70775944000,70775944,4283061000,4,13,7
2017-01-21,738,71768122000,71768122,1634191091,11,11,8
2017-01-28,739,77999661000,77999661,4744122282,4,7,4
2017-02-04,740,75186520000,75186520,936929792,18,14,9
2017-02-11,741,74392585000,74392585,3043595938,6,8,13
2017-02-18,742,73857792000,73857792,1111814813,16,3,13
2017-02-25,743,73436852000,73436852,2608641000,7,12,12
2017-03-04,744,73507293000,73507293,1155411575,15,7,12
2017-03-11,745,73575119000,73575119,746822982,20,14,8
2017-03-18,746,74239579000,74239579,2038623709,9,13,9
2017-03-25,747,73337880000,73337880,1903214584,9,15,5
2017-04-01,748,72750277000,72750277,1928246542,9,6,12
2017-04-08,749,72252889000,72252889,1350104395,13,11,6
2017-04-15,750,72248100000,72248100,2522104286,7,8,18
2017-04-22,751,71534233000,71534233,2097968110,8,13,6
2017-04-29,752,71600822000,71600822,1870358834,9,6,16
2017-05-06,753,68915001000,68915001,2711105063,6,7,9
2017-05-13,754,70765850000,70765850,3427542000,5,10,9
2017-05-20,755,71300635000,71300635,2214427266,8,10,7
2017-05-27,756,70992946000,70992946,3414434700,5,9,3
2017-06-03,757,71053002000,71053002,739839858,21,10,4
2017-06-10,758,71764259000,71764259,2078969954,8,8,4
2017-06-17,759,72632208000,72632208,3032670500,6,9,20
2017-06-24,760,72200797000,72200797,2253299391,8,8,8
2017-07-01,761,71415903000,71415903,2392730518,7,14,9
2017-07-08,762,70558895000,70558895,1631432063,10,6,7
2017-07-15,763,70652100000,70652100,2138130000,8,17,8
2017-07-22,764,70318932000,70318932,2459975465,7,6,7
2017-07-29,765,70972360000,70972360,1109214250,15,8,6
2017-08-05,766,69500769000,69500769,2173637297,8,8,14
2017-08-12,767,71285599000,71285599,1163768725,15,15,7
2017-08-19,768,72306975000,72306975,1363572260,13,6,6
2017-08-26,769,72873431000,72873431,1930760042,9,6,9
2017-09-02,770,74166379000,74166379,2163099329,8,9,11
2017-09-09,771,73545939000,73545939,4362644907,4,9,6
2017-09-16,772,74375369000,74375369,1769608838,10,13,7
2017-09-23,773,74560597000,74560597,1609403080,11,12,8
2017-09-30,774,77347021000,77347021,1709721512,11,14,7
2017-10-07,775,70795452000,70795452,3470437650,5,5,6
2017-10-14,776,74826082000,74826082,2557579393,7,9,9
2017-10-21,777,75534360000,75534360,833468036,21,11,7
2017-10-28,778,75075606000,75075606,6264069500,3,8,7
2017-11-04,779,73773676000,73773676,1527709296,11,2,11
2017-11-11,780,74232084000,74232084,1667520137,11,13,6
2017-11-18,781,72483157000,72483157,1882891542,9,9,12
2017-11-25,782,72253973000,72253973,1946487625,9,8,5
2017-12-02,783,73525256000,73525256,4603964625,4,14,15
2017-12-09,784,74311382000,74311382,1908678000,9,9,14
2017-12-16,785,72974563000,72974563,2886622688,6,14,11
2017-12-23,786,75930156000,75930156,4551365250,4,6,9
2017-12-30,787,79593923000,79593923,3092108313,6,11,11
2018-01-06,788,78121882000,78121882,1401475154,13,10,16
2018-01-13,789,76136603000,76136603,1140976825,15,8,10
2018-01-20,790,78978881000,78978881,1160516274,16,10,12
2018-01-27,791,74205844000,74205844,1253081893,14,12,5
2018-02-03,792,76339003000,76339003,2655736768,7,11,16
2018-02-10,793,76177477000,76177477,3750146775,5,9,10
2018-02-17,794,79941579000,79941579,2650940304,7,9,5
2018-02-24,795,79661342000,79661342,1714977000,11,17,8
2018-03-03,796,77685943000,77685943,2763490340,7,8,15
2018-03-10,797,77339940000,77339940,2397028125,8,10,8
2018-03-17,798,77038759000,77038759,2710791911,7,8,6
2018-03-24,799,76708986000,76708986,1826427225,10,4,8
2018-03-31,800,76994062000,76994062,1632246205,11,17,10
2018-04-07,801,74034792000,74034792,2256786657,8,10,8
2018-04-14,802,75146781000,75146781,1082947993,16,5,13
2018-04-21,803,75670793000,75670793,3663810225,5,9,6
2018-04-28,804,74557028000,74557028,1631996523,11,5,5
2018-05-05,805,73065981000,73065981,4266061969,4,11,12
2018-05-12,806,74030583000,74030583,2640760875,7,6,7
2018-05-19,807,73831580000,73831580,2437662322,7,9,12
2018-05-26,808,74911438000,74911438,3087620500,6,9,11
2018-06-02,809,74214104000,74214104,2921372750,6,7,10
2018-06-09,810,74388355000,74388355,2231598047,8,11,10
2018-06-16,811,74570813000,74570813,2524148197,7,5,4
2018-06-23,812,74147816000,74147816,2947954750,6,12,15
2018-06-30,813,73394947000,73394947,4591763157,4,18,7
2018-07-07,814,74316543000,74316543,3067192063,6,8,11
2018-07-14,815,73416400000,73416400,2579855358,7,5,8
2018-07-21,816,72397826000,72397826,2128107938,8,11,10
2018-07-28,817,72552766000,72552766,1868477334,9,15,14
2018-08-04,818,71793353000,71793353,1380804318,13,11,12
2018-08-11,819,74578907000,74578907,2594534840,7,8,12
2018-08-18,820,75744571000,75744571,4627313532,4,7,10
2018-08-25,821,76118239000,76118239,1316155956,14,14,13
2018-09-01,822,75681739000,75681739,5930898625,3,12,9
2018-09-08,823,77400124000,77400124,2009843917,9,11,10
2018-09-15,824,78257422000,78257422,1256646550,15,13,10
2018-09-22,825,82890578000,82890578,1658710563,12,6,5
2018-09-29,826,78218740000,78218740,2075192084,9,5,15
2018-10-06,827,76490125000,76490125,1206500375,15,12,10
2018-10-13,828,77552827000,77552827,1455185972,13,6,16
2018-10-20,829,77998807000,77998807,2444650641,8,7,13
2018-10-27,830,77714000000,77714000,2060528750,9,8,10
2018-11-03,831,77622753000,77622753,1110702258,16,16,10
2018-11-10,832,77411900000,77411900,2088204584,9,11,6
2018-11-17,833,77738402000,77738402,2356317282,8,6,5
2018-11-24,834,75941791000,75941791,1690693671,11,14,9
2018-12-01,835,77694435000,77694435,1233681125,15,12,8
2018-12-08,836,74536697000,74536697,1257843670,14,7,11
2018-12-15,837,76614176000,76614176,3144449125,6,4,10
2018-12-22,838,79414484000,79414484,3813733050,5,10,6
2018-12-29,839,79219710000,79219710,1359454904,13,12,11
2019-01-05,840,84057771000,84057771,2042961788,10,16,7
2019-01-12,841,81580789000,81580789,1116095714,17,11,14
2019-01-19,842,81957444000,81957444,2035475025,10,11,5
2019-01-26,843,81857498000,81857498,4012970100,5,11,14
2019-02-02,844,87805610000,87805610,1162963542,18,11,10
2019-02-09,845,83884034000,83884034,1891217182,11,11,5
2019-02-16,846,83936839000,83936839,1596884395,13,10,16
2019-02-23,847,83782512000,83782512,2520846657,8,12,12
2019-03-02,848,84523266000,84523266,3011580858,7,9,18
2019-03-09,849,82333674000,82333674,1158252883,17,7,12
2019-03-16,850,81474176000,81474176,3377587875,6,12,6
2019-03-23,851,81099116000,81099116,2483692313,8,11,9
2019-03-30,852,81470793000,81470793,4801543407,4,7,11
2019-04-06,853,82244370000,82244370,2885006786,7,8,6
2019-04-13,854,81823338000,81823338,3421706750,6,11,11
2019-04-20,855,82374732000,82374732,2269510500,9,13,14
2019-04-27,856,80496424000,80496424,3977927550,5,9,8
2019-05-04,857,80933117000,80933117,1284915425,15,9,8
2019-05-11,858,81366889000,81366889,2202347459,9,12,11
2019-05-18,859,80944223000,80944223,1853927489,11,11,4
2019-05-25,860,81846672000,81846672,1879899825,10,13,11
2019-06-01,861,81032551000,81032551,4872108844,4,11,11
2019-06-08,862,80609005000,80609005,2190922709,9,15,8
2019-06-15,863,81288540000,81288540,2853357322,7,8,5
2019-06-22,864,82220290000,82220290,1716553637,11,11,6
2019-06-29,865,81748217000,81748217,1551729145,13,8,6
2019-07-06,866,81961886000,81961886,2240409000,9,10,10
2019-07-13,867,81607190000,81607190,3933755250,5,7,10
2019-07-20,868,80549078000,80549078,3233804250,6,7,8
2019-07-27,869,80268389000,80268389,1922582588,10,4,10
2019-08-03,870,78688663000,78688663,1928842988,10,7,10
2019-08-10,871,79527502000,79527502,2718071358,7,11,12
2019-08-17,872,81002518000,81002518,1262705579,16,8,13
2019-08-24,873,82375586000,82375586,1874553225,10,11,8
2019-08-31,874,82990138000,82990138,1117123917,18,8,14
2019-09-07,875,80635281000,80635281,1415946724,14,14,11
2019-09-14,876,85088368000,85088368,1090657856,19,6,7
2019-09-21,877,84584730000,84584730,1716607188,12,8,15
2019-09-28,878,84183676000,84183676,3207993500,6,11,9
2019-10-05,879,83174251000,83174251,3206361313,6,11,13
2019-10-12,880,83862502000,83862502,2837810465,7,10,12
2019-10-19,881,84495552000,84495552,2503212282,8,18,12
2019-10-26,882,84351602000,84351602,4127270400,5,9,13
2019-11-02,883,85624171000,85624171,1360519525,15,8,10
2019-11-09,884,86554613000,86554613,1799077282,12,10,7
2019-11-16,885,83396319000,83396319,1543832568,13,13,13
2019-11-23,886,84186094000,84186094,2974643786,7,14,9
2019-11-30,887,84416872000,84416872,2535268688,8,16,8
2019-12-07,888,82777313000,82777313,2370359204,8,9,10
2019-12-14,889,86734222000,86734222,2108986950,10,8,7
2019-12-21,890,86693498000,86693498,2335486167,9,12,9
2019-12-28,891,89742677000,89742677,3082673947,7,9,11
2020-01-04,892,93091115000,93091115,1282017464,17,11,18
2020-01-11,893,87661567000,87661567,2377433625,9,15,10
2020-01-18,894,88465183000,88465183,2377935959,9,7,10
2020-01-25,895,96962255000,96962255,1928079219,12,11,18
2020-02-01,896,90461998000,90461998,3053222036,7,14,8
2020-02-08,897,88231474000,88231474,1619922520,13,12,12
2020-02-15,898,90067839000,90067839,2639313235,8,5,11
2020-02-22,899,85877347000,85877347,3359356063,6,12,6
2020-02-29,900,83639372000,83639372,3349851375,6,15,8
2020-03-07,901,84783962000,84783962,2267974667,9,3,10
2020-03-14,902,87501981000,87501981,1619317529,13,13,12
2020-03-21,903,88625160000,88625160,1684582212,13,11,9
2020-03-28,904,88938220000,88938220,2718077813,8,9,4
2020-04-04,905,90357634000,90357634,3017862536,7,12,14
2020-04-11,906,90948274000,90948274,2472607250,9,11,13
2020-04-18,907,89331282000,89331282,3165059036,7,11,12
2020-04-25,908,89923601000,89923601,2834856141,8,17,8
2020-05-02,909,89543261000,89543261,2021062875,11,11,9
2020-05-09,910,86308857000,86308857,941316375,21,7,10
2020-05-16,911,89332410000,89332410,2113538625,10,9,8
2020-05-23,912,88599155000,88599155,1493500581,14,12,14
2020-05-30,913,89336949000,89336949,1338755602,16,11,7
2020-06-06,914,89558503000,89558503,1950005557,11,14,14
2020-06-13,915,87862418000,87862418,3518640500,6,8,15
2020-06-20,916,89133044000,89133044,2025384341,11,13,8
2020-06-27,917,88950867000,88950867,2144799638,10,12,8
2020-07-04,918,89200857000,89200857,1117622646,18,10,9
2020-07-11,919,90218056000,90218056,4305150450,5,5,10
2020-07-18,920,89805177000,89805177,3120260197,7,9,11
2020-07-25,921,89888341000,89888341,1232573405,17,10,6
2020-08-01,922,89266682000,89266682,3417904500,6,6,11
2020-08-08,923,87867402000,87867402,2667554625,8,12,7
2020-08-15,924,87708256000,87708256,2382430667,9,13,15
2020-08-22,925,87901067000,87901067,1771080532,12,7,15
2020-08-29,926,88372251000,88372251,2032490663,10,13,9
2020-09-05,927,91067752000,91067752,3714203875,6,13,13
2020-09-12,928,90818982000,90818982,3134591358,7,3,11
2020-09-19,929,92344620000,92344620,1308035157,16,14,14
2020-09-26,930,94518415000,94518415,2832418829,8,7,9
2020-10-03,931,95695802000,95695802,2957108063,8,16,9
2020-10-10,932,96049289000,96049289,3390022983,7,13,12
2020-10-17,933,93484851000,93484851,2927797079,8,12,14
2020-10-24,934,93028347000,93028347,5765772844,4,11,6
2020-10-31,935,93934898000,93934898,1711055424,13,8,10
2020-11-07,936,92246146000,92246146,1492069179,14,10,10
2020-11-14,937,93720454000,93720454,2058420819,11,9,8
2020-11-21,938,93452425000,93452425,2249466563,10,9,14
2020-11-28,939,93340002000,93340002,1708363039,13,11,17
2020-12-05,940,93920183000,93920183,2846071079,8,22,13
2020-12-12,941,94867600000,94867600,1347297422,16,10,17
2020-12-19,942,92731965000,92731965,3761680313,6,9,13
2020-12-26,943,100081432000,100081432,3435045108,7,13,15
2021-01-02,944,107181377000,107181377,1961836356,13,16,13
2021-01-09,945,94837109000,94837109,1765554491,13,10,11
2021-01-16,946,99380178000,99380178,2157656182,11,6,13
2021-01-23,947,99449916000,99449916,1275855750,18,17,15
2021-01-30,948,100519459000,100519459,2188548716,11,14,8
2021-02-06,949,100518909000,100518909,2458569713,10,16,11
2021-02-13,950,108870714000,108870714,3281920500,8,14,12
2021-02-20,951,102937006000,102937006,1747552661,14,13,18
2021-02-27,952,102355646000,102355646,2713699834,9,16,15
2021-03-06,953,99180891000,99180891,1640636009,14,15,13
2021-03-13,954,101455314000,101455314,2478795900,10,8,11
2021-03-20,955,99784736000,99784736,2023170188,12,9,14
2021-03-27,956,97065255000,97065255,2022982671,11,15,14
2021-04-03,957,96654698000,96654698,2126634137,11,19,20
2021-04-10,958,98635947000,98635947,1596119675,15,10,13
2021-04-17,959,97435835000,97435835,3015312891,8,15,11
2021-04-24,960,98784879000,98784879,2401133213,10,19,10
2021-05-01,961,97153309000,97153309,2575231209,9,7,16
2021-05-08,962,95956365000,95956365,1940906094,12,12,15
2021-05-15,963,95452215000,95452215,1476478125,15,14,12
2021-05-22,964,95549895000,95549895,2345861063,10,10,12
2021-05-29,965,96174650000,96174650,3403348929,7,19,18
2021-06-05,966,95640447000,95640447,2411303513,10,11,9
2021-06-12,967,94515565000,94515565,5809776094,4,12,12
2021-06-19,968,95924229000,95924229,1667729683,13,7,10
2021-06-26,969,96728751000,96728751,1149427894,20,16,9
2021-07-03,970,93268371000,93268371,1611544045,14,8,10
2021-07-10,971,94471924000,94471924,3725880250,6,14,12
2021-07-17,972,93916813000,93916813,1124886244,20,13,16
2021-07-24,973,93953872000,93953872,2912742750,8,11,12
2021-07-31,974,94146055000,94146055,1317034523,17,16,12
2021-08-07,975,94253719000,94253719,2440410375,9,17,11
2021-08-14,976,97492178000,97492178,3243867215,7,9,10
2021-08-21,977,95895844000,95895844,1669905911,14,13,9
2021-08-28,978,98855197000,98855197,2373391388,10,9,11
2021-09-04,979,99507886000,99507886,1606400518,14,11,15
2021-09-11,980,99593380000,99593380,3409443215,7,13,14
2021-09-18,981,105645424000,105645424,1992863193,13,5,17
2021-09-25,982,101344251000,101344251,3023630672,8,8,14
2021-10-02,983,101899006000,101899006,2503422225,10,13,14
2021-10-09,984,98762367000,98762367,3453006268,7,9,9
2021-10-16,985,98811446000,98811446,2434752975,10,8,10
2021-10-23,986,99041240000,99041240,2375275125,10,10,18
2021-10-30,987,100269530000,100269530,2378711625,10,13,6
2021-11-06,988,98606195000,98606195,2678489375,9,10,8
2021-11-13,989,96525658000,96525658,5826768563,4,12,10
2021-11-20,990,99567047000,99567047,1740095277,14,12,17
2021-11-27,991,98026282000,98026282,2904166032,8,4,9
2021-12-04,992,97066498000,97066498,1986955563,12,7,12
2021-12-11,993,99323653000,99323653,3991197063,6,14,13
2021-12-18,994,95530936000,95530936,1861582063,12,9,17
2021-12-25,995,100878455000,100878455,3447271875,7,9,7
2022-01-01,996,112624327000,112624327,1491185771,18,16,19
2022-01-08,997,102431961000,102431961,1253749560,19,13,10
2022-01-15,998,101681869000,101681869,2076499657,12,9,14
2022-01-22,999,102581351000,102581351,1513274790,16,9,12
2022-01-29,1000,118628811000,118628811,1246819620,22,15,20
2022-02-05,1001,103967487000,103967487,2077279594,12,10,15
2022-02-12,1002,105795484000,105795484,3088449563,8,19,13
2022-02-19,1003,103479378000,103479378,1811116822,14,16,9
2022-02-26,1004,106112471000,106112471,2576251913,10,13,11
2022-03-05,1005,103755249000,103755249,2061199344,12,13,9
2022-03-12,1006,104542431000,104542431,2855602125,9,7,6
2022-03-19,1007,101530003000,101530003,2718786375,9,11,10
2022-03-26,1008,103727042000,103727042,2267377910,11,11,6
2022-04-02,1009,103771363000,103771363,1702462825,15,10,8
2022-04-09,1010,103011505000,103011505,3119380079,8,15,9
2022-04-16,1011,101799373000,101799373,2220348512,11,13,8
2022-04-23,1012,101948323000,101948323,1861944318,13,16,11
2022-04-30,1013,101747653000,101747653,5047570725,5,10,14
2022-05-07,1014,102396369000,102396369,2410449338,10,12,16
2022-05-14,1015,102562683000,102562683,3051105610,8,7,14
2022-05-21,1016,101583153000,101583153,2260660671,11,10,14
2022-05-28,1017,101382790000,101382790,3517684822,7,11,10
2022-06-04,1018,101151805000,101151805,12361744688,2,12,14
2022-06-11,1019,102804882000,102804882,438565140,50,13,9
2022-06-18,1020,104996396000,104996396,1966431520,13,6,11
2022-06-25,1021,101960162000,101960162,2108962250,12,17,8
2022-07-02,1022,99233031000,99233031,4866468075,5,10,9
2022-07-09,1023,100399659000,100399659,2745677875,9,14,13
2022-07-16,1024,100081038000,100081038,3020323500,8,16,12
2022-07-23,1025,101318529000,101318529,6118853344,4,19,7
2022-07-30,1026,101556379000,101556379,1619118475,15,13,9
2022-08-06,1027,101195159000,101195159,2460504338,10,15,13
2022-08-13,1028,100613537000,100613537,1181235132,20,13,10
2022-08-20,1029,101336312000,101336312,2527848450,10,16,11
2022-08-27,1030,104899923000,104899923,1276406507,19,16,12
2022-09-03,1031,104316078000,104316078,3213957563,8,14,12
2022-09-10,1032,110907011000,110907011,2675257538,10,14,12
2022-09-17,1033,104642258000,104642258,1913414943,13,11,11
2022-09-24,1034,107150089000,107150089,2868856209,9,16,16
2022-10-01,1035,106759523000,106759523,3231193735,8,15,17
2022-10-08,1036,103753936000,103753936,2837323167,9,19,21
2022-10-15,1037,104840173000,104840173,1708576825,15,13,17
2022-10-22,1038,104932409000,104932409,1627457225,15,19,9
2022-10-29,1039,105259066000,105259066,1585019672,16,12,11
2022-11-05,1040,104007239000,104007239,3660482625,7,8,11
2022-11-12,1041,105301601000,105301601,935091165,25,8,14
2022-11-19,1042,106510259000,106510259,1240663669,20,9,14
2022-11-26,1043,107045942000,107045942,1468646956,17,12,14
2022-12-03,1044,102891973000,102891973,3136941235,8,13,9
2022-12-10,1045,105380282000,105380282,1990060443,13,12,17
2022-12-17,1046,100923993000,100923993,2011415719,12,15,7
2022-12-24,1047,103058179000,103058179,2748797875,9,20,7
2022-12-31,1048,117323901000,117323901,1612494508,17,7,20
2023-01-07,1049,108444724000,108444724,1727810100,15,10,17
2023-01-14,1050,108072602000,108072602,1535083280,17,12,17
2023-01-21,1051,119243907000,119243907,1669558480,18,13,17
2023-01-28,1052,107565461000,107565461,2341682762,11,16,15
2023-02-04,1053,113721665000,113721665,4090367411,7,12,12
2023-02-11,1054,113660567000,113660567,3147925709,9,13,14
2023-02-18,1055,112488256000,112488256,2362815205,11,13,12
2023-02-25,1056,113279615000,113279615,1969662456,14,14,9
2023-03-04,1057,112523887000,112523887,1616069714,17,16,11
2023-03-11,1058,112041382000,112041382,2058020250,13,23,15
2023-03-18,1059,110846824000,110846824,2033168481,13,14,15
2023-03-25,1060,110677185000,110677185,898238907,28,16,8
2023-04-01,1061,109909344000,109909344,2422768773,11,18,17
2023-04-08,1062,107109911000,107109911,3801933804,7,14,12
2023-04-15,1063,108347135000,108347135,3770311875,7,13,12
2023-04-22,1064,109427584000,109427584,1348168106,19,15,17
2023-04-29,1065,108181727000,108181727,1852593938,14,11,16
2023-05-06,1066,106440950000,106440950,1670947250,15,16,10
2023-05-13,1067,110703299000,110703299,1981114010,13,19,14
2023-05-20,1068,108988932000,108988932,1363929514,19,20,20
2023-05-27,1069,108388892000,108388892,1863217554,14,14,7
2023-06-03,1070,107222802000,107222802,1859116929,14,16,17
2023-06-10,1071,107362630000,107362630,5183979750,5,9,24
2023-06-17,1072,108156654000,108156654,2175006375,12,5,13
2023-06-24,1073,107352123000,107352123,2345227603,11,13,14
2023-07-01,1074,105744157000,105744157,2134763657,12,6,11
2023-07-08,1075,105635232000,105635232,2896337167,9,15,12
2023-07-15,1076,103168694000,103168694,2672689750,9,14,15
2023-07-22,1077,105927489000,105927489,3570901018,7,15,10
2023-07-29,1078,105407618000,105407618,2141604938,12,9,10
2023-08-05,1079,103120206000,103120206,2712329417,9,7,9
2023-08-12,1080,104111986000,104111986,3639444429,7,13,19
2023-08-19,1081,106974323000,106974323,2343892944,11,10,14
2023-08-26,1082,107566880000,107566880,3720489643,7,12,11
2023-09-02,1083,108995141000,108995141,1713084525,15,18,15
2023-09-09,1084,109818924000,109818924,1738764600,15,15,6
2023-09-16,1085,106249975000,106249975,1073277473,23,17,14
2023-09-23,1086,109250306000,109250306,1515913809,17,16,15
2023-09-30,1087,113960897000,113960897,1732253602,16,16,10
2023-10-07,1088,109089305000,109089305,2434697898,11,12,16
2023-10-14,1089,108725932000,108725932,2978522167,9,13,14
2023-10-21,1090,108364862000,108364862,2386494614,11,15,21
2023-10-28,1091,109335581000,109335581,2898470459,9,18,21